<?xml version="1.0" encoding="UTF-8"?>
<beans xmlns:xsi="http://www.w3.org/2001/XMLSchema-instance"
	xmlns:mvc="http://www.springframework.org/schema/mvc"
	xmlns:context="http://www.springframework.org/schema/context"
	xmlns:security="http://www.springframework.org/schema/security"
	xmlns="http://www.springframework.org/schema/beans"
	xsi:schemaLocation="http://www.springframework.org/schema/security http://www.springframework.org/schema/security/spring-security-3.2.xsd
		http://www.springframework.org/schema/mvc http://www.springframework.org/schema/mvc/spring-mvc-3.2.xsd
		http://www.springframework.org/schema/context http://www.springframework.org/schema/context/spring-context-3.2.xsd
		http://www.springframework.org/schema/beans http://www.springframework.org/schema/beans/spring-beans-3.1.xsd">

	<context:component-scan base-package="com.spring_mvc.project"/>
	<mvc:annotation-driven/>
	
	<bean class="org.springframework.web.servlet.view.InternalResourceViewResolver">
		<property name="prefix" value="/WEB-INF/views/"/>
		<property name="suffix" value=".jsp"/>
	</bean>
	
	<mvc:view-controller path="/" view-name="index"/>

	<!-- 오류 없음 -->
	<mvc:resources location="/resources/" mapping="/**" /> 
	<mvc:resources location="/resources/js/" mapping="js/**" />
	<mvc:resources location="/resources/css/" mapping="css/**" />
	<mvc:resources location="/resources/image/" mapping="image/**" /> 
	
	<mvc:resources location="/resources/" mapping="/**" />
	
</beans>

